id;pid;name;pic;level;create_time;stick
1;46993;users Up-sized;Strategist;51750;2020-05-16T06:07:24;true
2;83319;Incredible;Awesome Granite Salad Steel Roads;29323;2020-05-16T13:41:29;false
3;93977;methodologies feed panel;connecting Data Fresh;68064;2020-05-16T12:41:56;true
4;45341;navigating Gateway Gorgeous Soft Fish;optical;65545;2020-05-17T01:43:24;false
5;99396;Graphic Interface Ergonomic Cotton Computer Christmas Island;Refined Soft Pants;87162;2020-05-16T12:56:21;false
6;13831;virtual Mauritius;1080p Jewelery index;29328;2020-05-16T06:52:29;false
7;15252;Books;invoice info-mediaries;78526;2020-05-16T21:51:28;true
8;66976;Product connecting open-source;Bedfordshire;10920;2020-05-16T10:17:03;false
9;21302;Throughway Angola;magnetic French Guiana Human;57071;2020-05-17T00:00:19;false
10;53882;redundant;Identity microchip;40686;2020-05-16T12:48:20;false
