id;company_name;business_license;business_license_registered_address;business_license_no;business_license_valid_time;trade_mode;proposer;application_time;category_id;province;city;country;address;web_add;tel_phone;email;position;link_man;check_status;check_failure_reasons;check_time
1;Steel;firewall Berkshire;connecting South Carolina integrate;compress quantifying Dynamic;2020-05-12T15:12:15;60360;93234;2020-05-12T12:36:55;29995;black withdrawal SSL;Spinkaside;programming;brand Green Grocery;intuitive;Rustic Granite Shirt Security hybrid;Brandyn_Turner@gmail.com;withdrawal Outdoors;circuit Montenegro Gloves;false;Music orchid;2020-05-12T04:14:42
2;silver Rustic Plastic Tuna extend;Mountains;Legacy Designer;engage neural software;2020-05-12T10:01:24;56523;75785;2020-05-12T23:47:12;32618;Buckinghamshire Hong Kong Team-oriented;Dietrichside;Refined;hack;Lebanon;analyzing indexing;Jessie_Robel33@gmail.com;Course;Associate Street;true;Response parsing transmitter;2020-05-13T02:56:03
3;directional JBOD Cambridgeshire;enterprise;Table e-business;pixel;2020-05-12T19:57:08;51225;43096;2020-05-12T06:33:55;9538;Nebraska;North Marquise;repurpose;SCSI;Sleek Fresh Gloves;microchip;Icie51@gmail.com;client-server Music frame;Borders Yen;false;Table Developer;2020-05-12T17:57:59
4;haptic;parsing Malawi cross-platform;cultivate Chief;Nepal Forge;2020-05-12T15:55:19;84388;29231;2020-05-12T08:10:47;87046;white Principal;West Audreanneberg;Concrete;Berkshire;application;Chicken;Lonzo6@hotmail.com;solid state Jordanian Dinar;Accountability JBOD;false;Profound customer loyalty Ghana;2020-05-12T20:59:57
5;productivity Savings Account;Central;Turks and Caicos Islands;Costa Rican Colon Shore;2020-05-12T06:47:09;14016;60864;2020-05-12T10:35:04;25975;Licensed Wooden Car;South Rashadport;violet;yellow SAS;Aruban Guilder;Utah;Percy.Schultz43@gmail.com;Practical navigating;Silver portal French Polynesia;false;Georgia;2020-05-12T04:03:14
6;ubiquitous New Hampshire;Greenland Ergonomic Frozen Tuna;JSON 24 hour indexing;Colombian Peso Unidad de Valor Real;2020-05-13T02:24:36;86181;19456;2020-05-12T07:33:03;74995;Consultant Corporate copying;North Jodieshire;Vanuatu redundant;program;Monaco invoice lime;Oman;Warren_Lowe89@gmail.com;connecting Unbranded Concrete Sausages;online Chicken Ohio;false;Credit Card Account;2020-05-12T06:36:28
7;Auto Loan Account;International Producer Bedfordshire;Vietnam Burgs Computers;panel grey;2020-05-12T12:38:33;90960;80144;2020-05-12T17:24:30;73146;Ball;Myrtleland;orange deposit firewall;Alaska Saint Helena Pound Accountability;copy;copying Rustic;Keyshawn62@yahoo.com;matrices;transmitting National Implementation;true;Creative;2020-05-12T13:51:14
8;Exclusive Denar;Home Loan Account;Incredible interface;copy;2020-05-12T06:35:49;8753;6955;2020-05-12T16:41:52;73114;process improvement;New Mertiemouth;Legacy interface;Licensed Cotton Keyboard transmit Tools;Auto Loan Account Intelligent Paradigm;envisioneer;Heath51@yahoo.com;Towels markets Human;Generic web services Books;false;Planner;2020-05-12T18:05:00
9;wireless hack;withdrawal Chips;tangible;Metrics Handmade;2020-05-12T07:10:33;50712;35027;2020-05-13T02:58:28;6608;Berkshire;Reinholdland;plum;complexity reinvent;quantifying communities;Berkshire dynamic black;Jalon.Trantow81@hotmail.com;Investor Berkshire Dynamic;port;false;Cambridgeshire Central system;2020-05-12T18:56:31
10;Multi-lateral;Accounts;Fresh;Oval Research Money Market Account;2020-05-12T11:51:23;28387;17577;2020-05-12T09:52:17;91609;hacking;Madelineshire;Cotton;Cambridgeshire payment Networked;Toys GB;Isle of Man Bike;Kim65@gmail.com;Antigua and Barbuda;Fish e-commerce SSL;true;Incredible Steel Chair Norwegian Krone;2020-05-12T13:09:01
